1,2024-04-26 11:08:10,192.168.21.170,192.168.1.100,Brute Force,attacker_91,password_94
2,2024-04-26 11:08:10,192.168.63.107,192.168.1.100,Brute Force,attacker_99,password_1
3,2024-04-26 11:08:10,192.168.249.36,192.168.1.100,Cross-Site Scripting,attacker_90,password_89
4,2024-04-26 11:08:10,192.168.109.99,192.168.1.100,Brute Force,attacker_88,password_45
5,2024-04-26 11:08:10,192.168.100.147,192.168.1.100,Brute Force,attacker_12,password_15
6,2024-04-26 11:08:10,192.168.12.194,192.168.1.100,Brute Force,attacker_69,password_12
7,2024-04-26 11:08:10,192.168.173.109,192.168.1.100,SQL Injection,attacker_62,password_9
8,2024-04-26 11:08:10,192.168.94.207,192.168.1.100,Brute Force,attacker_4,password_76
9,2024-04-26 11:08:10,192.168.180.6,192.168.1.100,SQL Injection,attacker_95,password_18
10,2024-04-26 11:08:10,192.168.231.173,192.168.1.100,Brute Force,attacker_22,password_86
