1,target@example.com,2024-04-28 13:52:01
2,target@example.com,2024-04-28 13:52:01
3,target@example.com,2024-04-28 13:52:01
4,target@example.com,2024-04-28 13:52:01
5,target@example.com,2024-04-28 13:52:01
6,target@example.com,2024-04-28 13:52:01
7,target@example.com,2024-04-28 13:52:01
8,target@example.com,2024-04-28 13:52:01
9,target@example.com,2024-04-28 13:52:01
10,target@example.com,2024-04-28 13:52:01
11,target@example.com,2024-04-28 13:52:01
12,target@example.com,2024-04-28 13:52:01
13,target@example.com,2024-04-28 13:52:01
14,target@example.com,2024-04-28 13:52:01
15,target@example.com,2024-04-28 13:52:01
16,target@example.com,2024-04-28 13:52:01
17,target@example.com,2024-04-28 13:52:01
18,target@example.com,2024-04-28 13:52:01
19,target@example.com,2024-04-28 13:52:01
20,target@example.com,2024-04-28 13:52:01
21,target@example.com,2024-04-28 13:52:01
22,target@example.com,2024-04-28 13:52:01
23,target@example.com,2024-04-28 13:52:01
24,target@example.com,2024-04-28 13:52:01
25,target@example.com,2024-04-28 13:52:01
26,target@example.com,2024-04-28 13:52:01
27,target@example.com,2024-04-28 13:52:01
28,target@example.com,2024-04-28 13:52:01
29,target@example.com,2024-04-28 13:52:01
30,target@example.com,2024-04-28 13:52:01
31,target@example.com,2024-04-28 13:52:01
32,target@example.com,2024-04-28 13:52:01
33,target@example.com,2024-04-28 13:52:01
34,target@example.com,2024-04-28 13:52:01
35,target@example.com,2024-04-28 13:52:01
36,target@example.com,2024-04-28 13:52:01
37,target@example.com,2024-04-28 13:52:01
38,target@example.com,2024-04-28 13:52:01
39,target@example.com,2024-04-28 13:52:01
40,target@example.com,2024-04-28 13:52:01
41,target@example.com,2024-04-28 13:52:01
42,target@example.com,2024-04-28 13:52:01
43,target@example.com,2024-04-28 13:52:01
44,target@example.com,2024-04-28 13:52:01
45,target@example.com,2024-04-28 13:52:01
46,target@example.com,2024-04-28 13:52:01
47,target@example.com,2024-04-28 13:52:01
48,target@example.com,2024-04-28 13:52:01
49,target@example.com,2024-04-28 13:52:01
50,target@example.com,2024-04-28 13:52:01
51,target@example.com,2024-04-28 13:52:01
52,target@example.com,2024-04-28 13:52:01
53,target@example.com,2024-04-28 13:52:01
54,target@example.com,2024-04-28 13:52:01
55,target@example.com,2024-04-28 13:52:01
56,target@example.com,2024-04-28 13:52:01
57,target@example.com,2024-04-28 13:52:01
58,target@example.com,2024-04-28 13:52:01
59,target@example.com,2024-04-28 13:52:01
60,target@example.com,2024-04-28 13:52:01
61,target@example.com,2024-04-28 13:52:01
62,target@example.com,2024-04-28 13:52:01
63,target@example.com,2024-04-28 13:52:01
64,target@example.com,2024-04-28 13:52:01
65,target@example.com,2024-04-28 13:52:01
66,target@example.com,2024-04-28 13:52:01
67,target@example.com,2024-04-28 13:52:01
68,target@example.com,2024-04-28 13:52:01
69,target@example.com,2024-04-28 13:52:01
70,target@example.com,2024-04-28 13:52:01
71,target@example.com,2024-04-28 13:52:01
72,target@example.com,2024-04-28 13:52:01
73,target@example.com,2024-04-28 13:52:01
74,target@example.com,2024-04-28 13:52:01
75,target@example.com,2024-04-28 13:52:01
76,target@example.com,2024-04-28 13:52:01
77,target@example.com,2024-04-28 13:52:01
78,target@example.com,2024-04-28 13:52:01
79,target@example.com,2024-04-28 13:52:01
80,target@example.com,2024-04-28 13:52:01
81,target@example.com,2024-04-28 13:52:01
82,target@example.com,2024-04-28 13:52:01
83,target@example.com,2024-04-28 13:52:01
84,target@example.com,2024-04-28 13:52:01
85,target@example.com,2024-04-28 13:52:01
86,target@example.com,2024-04-28 13:52:01
87,target@example.com,2024-04-28 13:52:01
88,target@example.com,2024-04-28 13:52:01
89,target@example.com,2024-04-28 13:52:01
90,target@example.com,2024-04-28 13:52:01
91,target@example.com,2024-04-28 13:52:01
92,target@example.com,2024-04-28 13:52:01
93,target@example.com,2024-04-28 13:52:01
94,target@example.com,2024-04-28 13:52:01
95,target@example.com,2024-04-28 13:52:01
96,target@example.com,2024-04-28 13:52:01
97,target@example.com,2024-04-28 13:52:01
98,target@example.com,2024-04-28 13:52:01
99,target@example.com,2024-04-28 13:52:01
100,target@example.com,2024-04-28 13:52:01
101,target@example.com,2024-04-28 13:57:03
102,target@example.com,2024-04-28 13:57:03
103,target@example.com,2024-04-28 13:57:03
104,target@example.com,2024-04-28 13:57:03
105,target@example.com,2024-04-28 13:57:03
106,target@example.com,2024-04-28 13:57:03
107,target@example.com,2024-04-28 13:57:03
108,target@example.com,2024-04-28 13:57:03
109,target@example.com,2024-04-28 13:57:03
110,target@example.com,2024-04-28 13:57:03
111,target@example.com,2024-04-28 13:57:03
112,target@example.com,2024-04-28 13:57:03
113,target@example.com,2024-04-28 13:57:03
114,target@example.com,2024-04-28 13:57:03
115,target@example.com,2024-04-28 13:57:03
116,target@example.com,2024-04-28 13:57:03
117,target@example.com,2024-04-28 13:57:03
118,target@example.com,2024-04-28 13:57:03
119,target@example.com,2024-04-28 13:57:03
120,target@example.com,2024-04-28 13:57:03
121,target@example.com,2024-04-28 13:57:03
122,target@example.com,2024-04-28 13:57:03
123,target@example.com,2024-04-28 13:57:03
124,target@example.com,2024-04-28 13:57:03
125,target@example.com,2024-04-28 13:57:03
126,target@example.com,2024-04-28 13:57:03
127,target@example.com,2024-04-28 13:57:03
128,target@example.com,2024-04-28 13:57:03
129,target@example.com,2024-04-28 13:57:03
130,target@example.com,2024-04-28 13:57:03
131,target@example.com,2024-04-28 13:57:03
132,target@example.com,2024-04-28 13:57:03
133,target@example.com,2024-04-28 13:57:03
134,target@example.com,2024-04-28 13:57:03
135,target@example.com,2024-04-28 13:57:03
136,target@example.com,2024-04-28 13:57:03
137,target@example.com,2024-04-28 13:57:03
138,target@example.com,2024-04-28 13:57:03
139,target@example.com,2024-04-28 13:57:03
140,target@example.com,2024-04-28 13:57:03
141,target@example.com,2024-04-28 13:57:03
142,target@example.com,2024-04-28 13:57:03
143,target@example.com,2024-04-28 13:57:03
144,target@example.com,2024-04-28 13:57:03
145,target@example.com,2024-04-28 13:57:03
146,target@example.com,2024-04-28 13:57:03
147,target@example.com,2024-04-28 13:57:03
148,target@example.com,2024-04-28 13:57:03
149,target@example.com,2024-04-28 13:57:03
150,target@example.com,2024-04-28 13:57:03
151,target@example.com,2024-04-28 13:57:03
152,target@example.com,2024-04-28 13:57:03
153,target@example.com,2024-04-28 13:57:03
154,target@example.com,2024-04-28 13:57:03
155,target@example.com,2024-04-28 13:57:03
156,target@example.com,2024-04-28 13:57:03
157,target@example.com,2024-04-28 13:57:03
158,target@example.com,2024-04-28 13:57:03
159,target@example.com,2024-04-28 13:57:03
160,target@example.com,2024-04-28 13:57:03
161,target@example.com,2024-04-28 13:57:03
162,target@example.com,2024-04-28 13:57:03
163,target@example.com,2024-04-28 13:57:03
164,target@example.com,2024-04-28 13:57:03
165,target@example.com,2024-04-28 13:57:03
166,target@example.com,2024-04-28 13:57:03
167,target@example.com,2024-04-28 13:57:03
168,target@example.com,2024-04-28 13:57:03
169,target@example.com,2024-04-28 13:57:03
170,target@example.com,2024-04-28 13:57:03
171,target@example.com,2024-04-28 13:57:03
172,target@example.com,2024-04-28 13:57:03
173,target@example.com,2024-04-28 13:57:03
174,target@example.com,2024-04-28 13:57:03
175,target@example.com,2024-04-28 13:57:03
176,target@example.com,2024-04-28 13:57:03
177,target@example.com,2024-04-28 13:57:03
178,target@example.com,2024-04-28 13:57:03
179,target@example.com,2024-04-28 13:57:03
180,target@example.com,2024-04-28 13:57:03
181,target@example.com,2024-04-28 13:57:03
182,target@example.com,2024-04-28 13:57:03
183,target@example.com,2024-04-28 13:57:03
184,target@example.com,2024-04-28 13:57:03
185,target@example.com,2024-04-28 13:57:03
186,target@example.com,2024-04-28 13:57:03
187,target@example.com,2024-04-28 13:57:03
188,target@example.com,2024-04-28 13:57:03
189,target@example.com,2024-04-28 13:57:03
190,target@example.com,2024-04-28 13:57:03
191,target@example.com,2024-04-28 13:57:03
192,target@example.com,2024-04-28 13:57:03
193,target@example.com,2024-04-28 13:57:03
194,target@example.com,2024-04-28 13:57:03
195,target@example.com,2024-04-28 13:57:03
196,target@example.com,2024-04-28 13:57:03
197,target@example.com,2024-04-28 13:57:03
198,target@example.com,2024-04-28 13:57:03
199,target@example.com,2024-04-28 13:57:03
200,target@example.com,2024-04-28 13:57:03
201,target@example.com,2024-04-28 14:02:16
202,target@example.com,2024-04-28 14:02:16
203,target@example.com,2024-04-28 14:02:16
204,target@example.com,2024-04-28 14:02:16
205,target@example.com,2024-04-28 14:02:16
206,target@example.com,2024-04-28 14:02:16
207,target@example.com,2024-04-28 14:02:16
208,target@example.com,2024-04-28 14:02:16
209,target@example.com,2024-04-28 14:02:16
210,target@example.com,2024-04-28 14:02:16
211,target@example.com,2024-04-28 14:02:16
212,target@example.com,2024-04-28 14:02:16
213,target@example.com,2024-04-28 14:02:16
214,target@example.com,2024-04-28 14:02:16
215,target@example.com,2024-04-28 14:02:16
216,target@example.com,2024-04-28 14:02:16
217,target@example.com,2024-04-28 14:02:16
218,target@example.com,2024-04-28 14:02:16
219,target@example.com,2024-04-28 14:02:16
220,target@example.com,2024-04-28 14:02:16
221,target@example.com,2024-04-28 14:02:16
222,target@example.com,2024-04-28 14:02:16
223,target@example.com,2024-04-28 14:02:16
224,target@example.com,2024-04-28 14:02:16
225,target@example.com,2024-04-28 14:02:16
226,target@example.com,2024-04-28 14:02:16
227,target@example.com,2024-04-28 14:02:16
228,target@example.com,2024-04-28 14:02:16
229,target@example.com,2024-04-28 14:02:16
230,target@example.com,2024-04-28 14:02:16
231,target@example.com,2024-04-28 14:02:16
232,target@example.com,2024-04-28 14:02:16
233,target@example.com,2024-04-28 14:02:16
234,target@example.com,2024-04-28 14:02:16
235,target@example.com,2024-04-28 14:02:16
236,target@example.com,2024-04-28 14:02:16
237,target@example.com,2024-04-28 14:02:16
238,target@example.com,2024-04-28 14:02:16
239,target@example.com,2024-04-28 14:02:16
240,target@example.com,2024-04-28 14:02:16
241,target@example.com,2024-04-28 14:02:16
242,target@example.com,2024-04-28 14:02:16
243,target@example.com,2024-04-28 14:02:16
244,target@example.com,2024-04-28 14:02:16
245,target@example.com,2024-04-28 14:02:16
246,target@example.com,2024-04-28 14:02:16
247,target@example.com,2024-04-28 14:02:16
248,target@example.com,2024-04-28 14:02:16
249,target@example.com,2024-04-28 14:02:16
250,target@example.com,2024-04-28 14:02:16
251,target@example.com,2024-04-28 14:02:16
252,target@example.com,2024-04-28 14:02:16
253,target@example.com,2024-04-28 14:02:16
254,target@example.com,2024-04-28 14:02:16
255,target@example.com,2024-04-28 14:02:16
256,target@example.com,2024-04-28 14:02:16
257,target@example.com,2024-04-28 14:02:16
258,target@example.com,2024-04-28 14:02:16
259,target@example.com,2024-04-28 14:02:16
260,target@example.com,2024-04-28 14:02:16
261,target@example.com,2024-04-28 14:02:16
262,target@example.com,2024-04-28 14:02:16
263,target@example.com,2024-04-28 14:02:16
264,target@example.com,2024-04-28 14:02:16
265,target@example.com,2024-04-28 14:02:16
266,target@example.com,2024-04-28 14:02:16
267,target@example.com,2024-04-28 14:02:16
268,target@example.com,2024-04-28 14:02:16
269,target@example.com,2024-04-28 14:02:16
270,target@example.com,2024-04-28 14:02:16
271,target@example.com,2024-04-28 14:02:16
272,target@example.com,2024-04-28 14:02:16
273,target@example.com,2024-04-28 14:02:16
274,target@example.com,2024-04-28 14:02:16
275,target@example.com,2024-04-28 14:02:16
276,target@example.com,2024-04-28 14:02:16
277,target@example.com,2024-04-28 14:02:16
278,target@example.com,2024-04-28 14:02:16
279,target@example.com,2024-04-28 14:02:16
280,target@example.com,2024-04-28 14:02:16
281,target@example.com,2024-04-28 14:02:16
282,target@example.com,2024-04-28 14:02:16
283,target@example.com,2024-04-28 14:02:16
284,target@example.com,2024-04-28 14:02:16
285,target@example.com,2024-04-28 14:02:16
286,target@example.com,2024-04-28 14:02:16
287,target@example.com,2024-04-28 14:02:16
288,target@example.com,2024-04-28 14:02:16
289,target@example.com,2024-04-28 14:02:16
290,target@example.com,2024-04-28 14:02:16
291,target@example.com,2024-04-28 14:02:16
292,target@example.com,2024-04-28 14:02:16
293,target@example.com,2024-04-28 14:02:16
294,target@example.com,2024-04-28 14:02:16
295,target@example.com,2024-04-28 14:02:16
296,target@example.com,2024-04-28 14:02:16
297,target@example.com,2024-04-28 14:02:16
298,target@example.com,2024-04-28 14:02:16
299,target@example.com,2024-04-28 14:02:16
300,target@example.com,2024-04-28 14:02:16
301,target@example.com,2024-04-28 14:07:05
302,target@example.com,2024-04-28 14:07:05
303,target@example.com,2024-04-28 14:07:05
304,target@example.com,2024-04-28 14:07:05
305,target@example.com,2024-04-28 14:07:05
306,target@example.com,2024-04-28 14:07:05
307,target@example.com,2024-04-28 14:07:05
308,target@example.com,2024-04-28 14:07:05
309,target@example.com,2024-04-28 14:07:05
310,target@example.com,2024-04-28 14:07:05
311,target@example.com,2024-04-28 14:07:05
312,target@example.com,2024-04-28 14:07:05
313,target@example.com,2024-04-28 14:07:05
314,target@example.com,2024-04-28 14:07:05
315,target@example.com,2024-04-28 14:07:05
316,target@example.com,2024-04-28 14:07:05
317,target@example.com,2024-04-28 14:07:05
318,target@example.com,2024-04-28 14:07:05
319,target@example.com,2024-04-28 14:07:05
320,target@example.com,2024-04-28 14:07:05
321,target@example.com,2024-04-28 14:07:05
322,target@example.com,2024-04-28 14:07:05
323,target@example.com,2024-04-28 14:07:05
324,target@example.com,2024-04-28 14:07:05
325,target@example.com,2024-04-28 14:07:05
326,target@example.com,2024-04-28 14:07:05
327,target@example.com,2024-04-28 14:07:05
328,target@example.com,2024-04-28 14:07:05
329,target@example.com,2024-04-28 14:07:05
330,target@example.com,2024-04-28 14:07:05
331,target@example.com,2024-04-28 14:07:05
332,target@example.com,2024-04-28 14:07:05
333,target@example.com,2024-04-28 14:07:05
334,target@example.com,2024-04-28 14:07:05
335,target@example.com,2024-04-28 14:07:05
336,target@example.com,2024-04-28 14:07:05
337,target@example.com,2024-04-28 14:07:05
338,target@example.com,2024-04-28 14:07:05
339,target@example.com,2024-04-28 14:07:05
340,target@example.com,2024-04-28 14:07:05
341,target@example.com,2024-04-28 14:07:05
342,target@example.com,2024-04-28 14:07:05
343,target@example.com,2024-04-28 14:07:05
344,target@example.com,2024-04-28 14:07:05
345,target@example.com,2024-04-28 14:07:05
346,target@example.com,2024-04-28 14:07:05
347,target@example.com,2024-04-28 14:07:05
348,target@example.com,2024-04-28 14:07:05
349,target@example.com,2024-04-28 14:07:05
350,target@example.com,2024-04-28 14:07:05
351,target@example.com,2024-04-28 14:07:05
352,target@example.com,2024-04-28 14:07:05
353,target@example.com,2024-04-28 14:07:05
354,target@example.com,2024-04-28 14:07:05
355,target@example.com,2024-04-28 14:07:05
356,target@example.com,2024-04-28 14:07:05
357,target@example.com,2024-04-28 14:07:05
358,target@example.com,2024-04-28 14:07:05
359,target@example.com,2024-04-28 14:07:05
360,target@example.com,2024-04-28 14:07:05
361,target@example.com,2024-04-28 14:07:05
362,target@example.com,2024-04-28 14:07:05
363,target@example.com,2024-04-28 14:07:05
364,target@example.com,2024-04-28 14:07:05
365,target@example.com,2024-04-28 14:07:05
366,target@example.com,2024-04-28 14:07:05
367,target@example.com,2024-04-28 14:07:05
368,target@example.com,2024-04-28 14:07:05
369,target@example.com,2024-04-28 14:07:05
370,target@example.com,2024-04-28 14:07:05
371,target@example.com,2024-04-28 14:07:05
372,target@example.com,2024-04-28 14:07:05
373,target@example.com,2024-04-28 14:07:05
374,target@example.com,2024-04-28 14:07:05
375,target@example.com,2024-04-28 14:07:05
376,target@example.com,2024-04-28 14:07:05
377,target@example.com,2024-04-28 14:07:05
378,target@example.com,2024-04-28 14:07:05
379,target@example.com,2024-04-28 14:07:05
380,target@example.com,2024-04-28 14:07:05
381,target@example.com,2024-04-28 14:07:05
382,target@example.com,2024-04-28 14:07:05
383,target@example.com,2024-04-28 14:07:05
384,target@example.com,2024-04-28 14:07:05
385,target@example.com,2024-04-28 14:07:05
386,target@example.com,2024-04-28 14:07:05
387,target@example.com,2024-04-28 14:07:05
388,target@example.com,2024-04-28 14:07:05
389,target@example.com,2024-04-28 14:07:05
390,target@example.com,2024-04-28 14:07:05
391,target@example.com,2024-04-28 14:07:05
392,target@example.com,2024-04-28 14:07:05
393,target@example.com,2024-04-28 14:07:05
394,target@example.com,2024-04-28 14:07:05
395,target@example.com,2024-04-28 14:07:05
396,target@example.com,2024-04-28 14:07:05
397,target@example.com,2024-04-28 14:07:05
398,target@example.com,2024-04-28 14:07:05
399,target@example.com,2024-04-28 14:07:05
400,target@example.com,2024-04-28 14:07:05
401,target@example.com,2024-04-28 14:12:03
402,target@example.com,2024-04-28 14:12:03
403,target@example.com,2024-04-28 14:12:03
404,target@example.com,2024-04-28 14:12:03
405,target@example.com,2024-04-28 14:12:03
406,target@example.com,2024-04-28 14:12:03
407,target@example.com,2024-04-28 14:12:03
408,target@example.com,2024-04-28 14:12:03
409,target@example.com,2024-04-28 14:12:03
410,target@example.com,2024-04-28 14:12:03
411,target@example.com,2024-04-28 14:12:03
412,target@example.com,2024-04-28 14:12:03
413,target@example.com,2024-04-28 14:12:03
414,target@example.com,2024-04-28 14:12:03
415,target@example.com,2024-04-28 14:12:03
416,target@example.com,2024-04-28 14:12:03
417,target@example.com,2024-04-28 14:12:03
418,target@example.com,2024-04-28 14:12:03
419,target@example.com,2024-04-28 14:12:03
420,target@example.com,2024-04-28 14:12:03
421,target@example.com,2024-04-28 14:12:03
422,target@example.com,2024-04-28 14:12:03
423,target@example.com,2024-04-28 14:12:03
424,target@example.com,2024-04-28 14:12:03
425,target@example.com,2024-04-28 14:12:03
426,target@example.com,2024-04-28 14:12:03
427,target@example.com,2024-04-28 14:12:03
428,target@example.com,2024-04-28 14:12:03
429,target@example.com,2024-04-28 14:12:03
430,target@example.com,2024-04-28 14:12:03
431,target@example.com,2024-04-28 14:12:03
432,target@example.com,2024-04-28 14:12:03
433,target@example.com,2024-04-28 14:12:03
434,target@example.com,2024-04-28 14:12:03
435,target@example.com,2024-04-28 14:12:03
436,target@example.com,2024-04-28 14:12:03
437,target@example.com,2024-04-28 14:12:03
438,target@example.com,2024-04-28 14:12:03
439,target@example.com,2024-04-28 14:12:03
440,target@example.com,2024-04-28 14:12:03
441,target@example.com,2024-04-28 14:12:03
442,target@example.com,2024-04-28 14:12:03
443,target@example.com,2024-04-28 14:12:03
444,target@example.com,2024-04-28 14:12:03
445,target@example.com,2024-04-28 14:12:03
446,target@example.com,2024-04-28 14:12:03
447,target@example.com,2024-04-28 14:12:03
448,target@example.com,2024-04-28 14:12:03
449,target@example.com,2024-04-28 14:12:03
450,target@example.com,2024-04-28 14:12:03
451,target@example.com,2024-04-28 14:12:03
452,target@example.com,2024-04-28 14:12:03
453,target@example.com,2024-04-28 14:12:03
454,target@example.com,2024-04-28 14:12:03
455,target@example.com,2024-04-28 14:12:03
456,target@example.com,2024-04-28 14:12:03
457,target@example.com,2024-04-28 14:12:03
458,target@example.com,2024-04-28 14:12:03
459,target@example.com,2024-04-28 14:12:03
460,target@example.com,2024-04-28 14:12:03
461,target@example.com,2024-04-28 14:12:03
462,target@example.com,2024-04-28 14:12:03
463,target@example.com,2024-04-28 14:12:03
464,target@example.com,2024-04-28 14:12:03
465,target@example.com,2024-04-28 14:12:03
466,target@example.com,2024-04-28 14:12:03
467,target@example.com,2024-04-28 14:12:03
468,target@example.com,2024-04-28 14:12:03
469,target@example.com,2024-04-28 14:12:03
470,target@example.com,2024-04-28 14:12:03
471,target@example.com,2024-04-28 14:12:03
472,target@example.com,2024-04-28 14:12:03
473,target@example.com,2024-04-28 14:12:03
474,target@example.com,2024-04-28 14:12:03
475,target@example.com,2024-04-28 14:12:03
476,target@example.com,2024-04-28 14:12:03
477,target@example.com,2024-04-28 14:12:03
478,target@example.com,2024-04-28 14:12:03
479,target@example.com,2024-04-28 14:12:03
480,target@example.com,2024-04-28 14:12:03
481,target@example.com,2024-04-28 14:12:03
482,target@example.com,2024-04-28 14:12:03
483,target@example.com,2024-04-28 14:12:03
484,target@example.com,2024-04-28 14:12:03
485,target@example.com,2024-04-28 14:12:03
486,target@example.com,2024-04-28 14:12:03
487,target@example.com,2024-04-28 14:12:03
488,target@example.com,2024-04-28 14:12:03
489,target@example.com,2024-04-28 14:12:03
490,target@example.com,2024-04-28 14:12:03
491,target@example.com,2024-04-28 14:12:03
492,target@example.com,2024-04-28 14:12:03
493,target@example.com,2024-04-28 14:12:03
494,target@example.com,2024-04-28 14:12:03
495,target@example.com,2024-04-28 14:12:03
496,target@example.com,2024-04-28 14:12:03
497,target@example.com,2024-04-28 14:12:03
498,target@example.com,2024-04-28 14:12:03
499,target@example.com,2024-04-28 14:12:03
500,target@example.com,2024-04-28 14:12:03
501,target@example.com,2024-04-28 14:17:18
502,target@example.com,2024-04-28 14:17:18
503,target@example.com,2024-04-28 14:17:18
504,target@example.com,2024-04-28 14:17:18
505,target@example.com,2024-04-28 14:17:18
506,target@example.com,2024-04-28 14:17:18
507,target@example.com,2024-04-28 14:17:18
508,target@example.com,2024-04-28 14:17:18
509,target@example.com,2024-04-28 14:17:18
510,target@example.com,2024-04-28 14:17:18
511,target@example.com,2024-04-28 14:17:18
512,target@example.com,2024-04-28 14:17:18
513,target@example.com,2024-04-28 14:17:18
514,target@example.com,2024-04-28 14:17:18
515,target@example.com,2024-04-28 14:17:18
516,target@example.com,2024-04-28 14:17:18
517,target@example.com,2024-04-28 14:17:18
518,target@example.com,2024-04-28 14:17:18
519,target@example.com,2024-04-28 14:17:18
520,target@example.com,2024-04-28 14:17:18
521,target@example.com,2024-04-28 14:17:18
522,target@example.com,2024-04-28 14:17:18
523,target@example.com,2024-04-28 14:17:18
524,target@example.com,2024-04-28 14:17:18
525,target@example.com,2024-04-28 14:17:18
526,target@example.com,2024-04-28 14:17:18
527,target@example.com,2024-04-28 14:17:18
528,target@example.com,2024-04-28 14:17:18
529,target@example.com,2024-04-28 14:17:18
530,target@example.com,2024-04-28 14:17:18
531,target@example.com,2024-04-28 14:17:18
532,target@example.com,2024-04-28 14:17:18
533,target@example.com,2024-04-28 14:17:18
534,target@example.com,2024-04-28 14:17:18
535,target@example.com,2024-04-28 14:17:18
536,target@example.com,2024-04-28 14:17:18
537,target@example.com,2024-04-28 14:17:18
538,target@example.com,2024-04-28 14:17:18
539,target@example.com,2024-04-28 14:17:18
540,target@example.com,2024-04-28 14:17:18
541,target@example.com,2024-04-28 14:17:18
542,target@example.com,2024-04-28 14:17:18
543,target@example.com,2024-04-28 14:17:18
544,target@example.com,2024-04-28 14:17:18
545,target@example.com,2024-04-28 14:17:18
546,target@example.com,2024-04-28 14:17:18
547,target@example.com,2024-04-28 14:17:18
548,target@example.com,2024-04-28 14:17:18
549,target@example.com,2024-04-28 14:17:18
550,target@example.com,2024-04-28 14:17:18
551,target@example.com,2024-04-28 14:17:18
552,target@example.com,2024-04-28 14:17:18
553,target@example.com,2024-04-28 14:17:18
554,target@example.com,2024-04-28 14:17:18
555,target@example.com,2024-04-28 14:17:18
556,target@example.com,2024-04-28 14:17:18
557,target@example.com,2024-04-28 14:17:18
558,target@example.com,2024-04-28 14:17:18
559,target@example.com,2024-04-28 14:17:18
560,target@example.com,2024-04-28 14:17:18
561,target@example.com,2024-04-28 14:17:18
562,target@example.com,2024-04-28 14:17:18
563,target@example.com,2024-04-28 14:17:18
564,target@example.com,2024-04-28 14:17:18
565,target@example.com,2024-04-28 14:17:18
566,target@example.com,2024-04-28 14:17:18
567,target@example.com,2024-04-28 14:17:18
568,target@example.com,2024-04-28 14:17:18
569,target@example.com,2024-04-28 14:17:18
570,target@example.com,2024-04-28 14:17:18
571,target@example.com,2024-04-28 14:17:18
572,target@example.com,2024-04-28 14:17:18
573,target@example.com,2024-04-28 14:17:18
574,target@example.com,2024-04-28 14:17:18
575,target@example.com,2024-04-28 14:17:18
576,target@example.com,2024-04-28 14:17:18
577,target@example.com,2024-04-28 14:17:18
578,target@example.com,2024-04-28 14:17:18
579,target@example.com,2024-04-28 14:17:18
580,target@example.com,2024-04-28 14:17:18
581,target@example.com,2024-04-28 14:17:18
582,target@example.com,2024-04-28 14:17:18
583,target@example.com,2024-04-28 14:17:18
584,target@example.com,2024-04-28 14:17:18
585,target@example.com,2024-04-28 14:17:18
586,target@example.com,2024-04-28 14:17:18
587,target@example.com,2024-04-28 14:17:18
588,target@example.com,2024-04-28 14:17:18
589,target@example.com,2024-04-28 14:17:18
590,target@example.com,2024-04-28 14:17:18
591,target@example.com,2024-04-28 14:17:18
592,target@example.com,2024-04-28 14:17:18
593,target@example.com,2024-04-28 14:17:18
594,target@example.com,2024-04-28 14:17:18
595,target@example.com,2024-04-28 14:17:18
596,target@example.com,2024-04-28 14:17:18
597,target@example.com,2024-04-28 14:17:18
598,target@example.com,2024-04-28 14:17:18
599,target@example.com,2024-04-28 14:17:18
600,target@example.com,2024-04-28 14:17:18
601,target@example.com,2024-04-28 14:22:14
602,target@example.com,2024-04-28 14:22:14
603,target@example.com,2024-04-28 14:22:14
604,target@example.com,2024-04-28 14:22:14
605,target@example.com,2024-04-28 14:22:14
606,target@example.com,2024-04-28 14:22:14
607,target@example.com,2024-04-28 14:22:14
608,target@example.com,2024-04-28 14:22:14
609,target@example.com,2024-04-28 14:22:14
610,target@example.com,2024-04-28 14:22:14
611,target@example.com,2024-04-28 14:22:14
612,target@example.com,2024-04-28 14:22:14
613,target@example.com,2024-04-28 14:22:14
614,target@example.com,2024-04-28 14:22:14
615,target@example.com,2024-04-28 14:22:14
616,target@example.com,2024-04-28 14:22:14
617,target@example.com,2024-04-28 14:22:14
618,target@example.com,2024-04-28 14:22:14
619,target@example.com,2024-04-28 14:22:14
620,target@example.com,2024-04-28 14:22:14
621,target@example.com,2024-04-28 14:22:14
622,target@example.com,2024-04-28 14:22:14
623,target@example.com,2024-04-28 14:22:14
624,target@example.com,2024-04-28 14:22:14
625,target@example.com,2024-04-28 14:22:14
626,target@example.com,2024-04-28 14:22:14
627,target@example.com,2024-04-28 14:22:14
628,target@example.com,2024-04-28 14:22:14
629,target@example.com,2024-04-28 14:22:14
630,target@example.com,2024-04-28 14:22:14
631,target@example.com,2024-04-28 14:22:14
632,target@example.com,2024-04-28 14:22:14
633,target@example.com,2024-04-28 14:22:14
634,target@example.com,2024-04-28 14:22:14
635,target@example.com,2024-04-28 14:22:14
636,target@example.com,2024-04-28 14:22:14
637,target@example.com,2024-04-28 14:22:14
638,target@example.com,2024-04-28 14:22:14
639,target@example.com,2024-04-28 14:22:14
640,target@example.com,2024-04-28 14:22:14
641,target@example.com,2024-04-28 14:22:14
642,target@example.com,2024-04-28 14:22:14
643,target@example.com,2024-04-28 14:22:14
644,target@example.com,2024-04-28 14:22:14
645,target@example.com,2024-04-28 14:22:14
646,target@example.com,2024-04-28 14:22:14
647,target@example.com,2024-04-28 14:22:14
648,target@example.com,2024-04-28 14:22:14
649,target@example.com,2024-04-28 14:22:14
650,target@example.com,2024-04-28 14:22:14
651,target@example.com,2024-04-28 14:22:14
652,target@example.com,2024-04-28 14:22:14
653,target@example.com,2024-04-28 14:22:14
654,target@example.com,2024-04-28 14:22:14
655,target@example.com,2024-04-28 14:22:14
656,target@example.com,2024-04-28 14:22:14
657,target@example.com,2024-04-28 14:22:14
658,target@example.com,2024-04-28 14:22:14
659,target@example.com,2024-04-28 14:22:14
660,target@example.com,2024-04-28 14:22:14
661,target@example.com,2024-04-28 14:22:14
662,target@example.com,2024-04-28 14:22:14
663,target@example.com,2024-04-28 14:22:14
664,target@example.com,2024-04-28 14:22:14
665,target@example.com,2024-04-28 14:22:14
666,target@example.com,2024-04-28 14:22:14
667,target@example.com,2024-04-28 14:22:14
668,target@example.com,2024-04-28 14:22:14
669,target@example.com,2024-04-28 14:22:14
670,target@example.com,2024-04-28 14:22:14
671,target@example.com,2024-04-28 14:22:14
672,target@example.com,2024-04-28 14:22:14
673,target@example.com,2024-04-28 14:22:14
674,target@example.com,2024-04-28 14:22:14
675,target@example.com,2024-04-28 14:22:14
676,target@example.com,2024-04-28 14:22:14
677,target@example.com,2024-04-28 14:22:14
678,target@example.com,2024-04-28 14:22:14
679,target@example.com,2024-04-28 14:22:14
680,target@example.com,2024-04-28 14:22:14
681,target@example.com,2024-04-28 14:22:14
682,target@example.com,2024-04-28 14:22:14
683,target@example.com,2024-04-28 14:22:14
684,target@example.com,2024-04-28 14:22:14
685,target@example.com,2024-04-28 14:22:14
686,target@example.com,2024-04-28 14:22:14
687,target@example.com,2024-04-28 14:22:14
688,target@example.com,2024-04-28 14:22:14
689,target@example.com,2024-04-28 14:22:14
690,target@example.com,2024-04-28 14:22:14
691,target@example.com,2024-04-28 14:22:14
692,target@example.com,2024-04-28 14:22:14
693,target@example.com,2024-04-28 14:22:14
694,target@example.com,2024-04-28 14:22:14
695,target@example.com,2024-04-28 14:22:14
696,target@example.com,2024-04-28 14:22:14
697,target@example.com,2024-04-28 14:22:14
698,target@example.com,2024-04-28 14:22:14
699,target@example.com,2024-04-28 14:22:14
700,target@example.com,2024-04-28 14:22:14
701,target@example.com,2024-04-28 14:27:17
702,target@example.com,2024-04-28 14:27:17
703,target@example.com,2024-04-28 14:27:17
704,target@example.com,2024-04-28 14:27:17
705,target@example.com,2024-04-28 14:27:17
706,target@example.com,2024-04-28 14:27:17
707,target@example.com,2024-04-28 14:27:17
708,target@example.com,2024-04-28 14:27:17
709,target@example.com,2024-04-28 14:27:17
710,target@example.com,2024-04-28 14:27:17
711,target@example.com,2024-04-28 14:27:17
712,target@example.com,2024-04-28 14:27:17
713,target@example.com,2024-04-28 14:27:17
714,target@example.com,2024-04-28 14:27:17
715,target@example.com,2024-04-28 14:27:17
716,target@example.com,2024-04-28 14:27:17
717,target@example.com,2024-04-28 14:27:17
718,target@example.com,2024-04-28 14:27:17
719,target@example.com,2024-04-28 14:27:17
720,target@example.com,2024-04-28 14:27:17
721,target@example.com,2024-04-28 14:27:17
722,target@example.com,2024-04-28 14:27:17
723,target@example.com,2024-04-28 14:27:17
724,target@example.com,2024-04-28 14:27:17
725,target@example.com,2024-04-28 14:27:17
726,target@example.com,2024-04-28 14:27:17
727,target@example.com,2024-04-28 14:27:17
728,target@example.com,2024-04-28 14:27:17
729,target@example.com,2024-04-28 14:27:17
730,target@example.com,2024-04-28 14:27:17
731,target@example.com,2024-04-28 14:27:17
732,target@example.com,2024-04-28 14:27:17
733,target@example.com,2024-04-28 14:27:17
734,target@example.com,2024-04-28 14:27:17
735,target@example.com,2024-04-28 14:27:17
736,target@example.com,2024-04-28 14:27:17
737,target@example.com,2024-04-28 14:27:17
738,target@example.com,2024-04-28 14:27:17
739,target@example.com,2024-04-28 14:27:17
740,target@example.com,2024-04-28 14:27:17
741,target@example.com,2024-04-28 14:27:17
742,target@example.com,2024-04-28 14:27:17
743,target@example.com,2024-04-28 14:27:17
744,target@example.com,2024-04-28 14:27:17
745,target@example.com,2024-04-28 14:27:17
746,target@example.com,2024-04-28 14:27:17
747,target@example.com,2024-04-28 14:27:17
748,target@example.com,2024-04-28 14:27:17
749,target@example.com,2024-04-28 14:27:17
750,target@example.com,2024-04-28 14:27:17
751,target@example.com,2024-04-28 14:27:17
752,target@example.com,2024-04-28 14:27:17
753,target@example.com,2024-04-28 14:27:17
754,target@example.com,2024-04-28 14:27:17
755,target@example.com,2024-04-28 14:27:17
756,target@example.com,2024-04-28 14:27:17
757,target@example.com,2024-04-28 14:27:17
758,target@example.com,2024-04-28 14:27:17
759,target@example.com,2024-04-28 14:27:17
760,target@example.com,2024-04-28 14:27:17
761,target@example.com,2024-04-28 14:27:17
762,target@example.com,2024-04-28 14:27:17
763,target@example.com,2024-04-28 14:27:17
764,target@example.com,2024-04-28 14:27:17
765,target@example.com,2024-04-28 14:27:17
766,target@example.com,2024-04-28 14:27:17
767,target@example.com,2024-04-28 14:27:17
768,target@example.com,2024-04-28 14:27:17
769,target@example.com,2024-04-28 14:27:17
770,target@example.com,2024-04-28 14:27:17
771,target@example.com,2024-04-28 14:27:17
772,target@example.com,2024-04-28 14:27:17
773,target@example.com,2024-04-28 14:27:17
774,target@example.com,2024-04-28 14:27:17
775,target@example.com,2024-04-28 14:27:17
776,target@example.com,2024-04-28 14:27:17
777,target@example.com,2024-04-28 14:27:17
778,target@example.com,2024-04-28 14:27:17
779,target@example.com,2024-04-28 14:27:17
780,target@example.com,2024-04-28 14:27:17
781,target@example.com,2024-04-28 14:27:17
782,target@example.com,2024-04-28 14:27:17
783,target@example.com,2024-04-28 14:27:17
784,target@example.com,2024-04-28 14:27:17
785,target@example.com,2024-04-28 14:27:17
786,target@example.com,2024-04-28 14:27:17
787,target@example.com,2024-04-28 14:27:17
788,target@example.com,2024-04-28 14:27:17
789,target@example.com,2024-04-28 14:27:17
790,target@example.com,2024-04-28 14:27:17
791,target@example.com,2024-04-28 14:27:17
792,target@example.com,2024-04-28 14:27:17
793,target@example.com,2024-04-28 14:27:17
794,target@example.com,2024-04-28 14:27:17
795,target@example.com,2024-04-28 14:27:17
796,target@example.com,2024-04-28 14:27:17
797,target@example.com,2024-04-28 14:27:17
798,target@example.com,2024-04-28 14:27:17
799,target@example.com,2024-04-28 14:27:17
800,target@example.com,2024-04-28 14:27:17
801,target@example.com,2024-04-28 14:32:14
802,target@example.com,2024-04-28 14:32:14
803,target@example.com,2024-04-28 14:32:14
804,target@example.com,2024-04-28 14:32:14
805,target@example.com,2024-04-28 14:32:14
806,target@example.com,2024-04-28 14:32:14
807,target@example.com,2024-04-28 14:32:14
808,target@example.com,2024-04-28 14:32:14
809,target@example.com,2024-04-28 14:32:14
810,target@example.com,2024-04-28 14:32:14
811,target@example.com,2024-04-28 14:32:14
812,target@example.com,2024-04-28 14:32:14
813,target@example.com,2024-04-28 14:32:14
814,target@example.com,2024-04-28 14:32:14
815,target@example.com,2024-04-28 14:32:14
816,target@example.com,2024-04-28 14:32:14
817,target@example.com,2024-04-28 14:32:14
818,target@example.com,2024-04-28 14:32:14
819,target@example.com,2024-04-28 14:32:14
820,target@example.com,2024-04-28 14:32:14
821,target@example.com,2024-04-28 14:32:14
822,target@example.com,2024-04-28 14:32:14
823,target@example.com,2024-04-28 14:32:14
824,target@example.com,2024-04-28 14:32:14
825,target@example.com,2024-04-28 14:32:14
826,target@example.com,2024-04-28 14:32:14
827,target@example.com,2024-04-28 14:32:14
828,target@example.com,2024-04-28 14:32:14
829,target@example.com,2024-04-28 14:32:14
830,target@example.com,2024-04-28 14:32:14
831,target@example.com,2024-04-28 14:32:14
832,target@example.com,2024-04-28 14:32:14
833,target@example.com,2024-04-28 14:32:14
834,target@example.com,2024-04-28 14:32:14
835,target@example.com,2024-04-28 14:32:14
836,target@example.com,2024-04-28 14:32:14
837,target@example.com,2024-04-28 14:32:14
838,target@example.com,2024-04-28 14:32:14
839,target@example.com,2024-04-28 14:32:14
840,target@example.com,2024-04-28 14:32:14
841,target@example.com,2024-04-28 14:32:14
842,target@example.com,2024-04-28 14:32:14
843,target@example.com,2024-04-28 14:32:14
844,target@example.com,2024-04-28 14:32:14
845,target@example.com,2024-04-28 14:32:14
846,target@example.com,2024-04-28 14:32:14
847,target@example.com,2024-04-28 14:32:14
848,target@example.com,2024-04-28 14:32:14
849,target@example.com,2024-04-28 14:32:14
850,target@example.com,2024-04-28 14:32:14
851,target@example.com,2024-04-28 14:32:14
852,target@example.com,2024-04-28 14:32:14
853,target@example.com,2024-04-28 14:32:14
854,target@example.com,2024-04-28 14:32:14
855,target@example.com,2024-04-28 14:32:14
856,target@example.com,2024-04-28 14:32:14
857,target@example.com,2024-04-28 14:32:14
858,target@example.com,2024-04-28 14:32:14
859,target@example.com,2024-04-28 14:32:14
860,target@example.com,2024-04-28 14:32:14
861,target@example.com,2024-04-28 14:32:14
862,target@example.com,2024-04-28 14:32:14
863,target@example.com,2024-04-28 14:32:14
864,target@example.com,2024-04-28 14:32:14
865,target@example.com,2024-04-28 14:32:14
866,target@example.com,2024-04-28 14:32:14
867,target@example.com,2024-04-28 14:32:14
868,target@example.com,2024-04-28 14:32:14
869,target@example.com,2024-04-28 14:32:14
870,target@example.com,2024-04-28 14:32:14
871,target@example.com,2024-04-28 14:32:14
872,target@example.com,2024-04-28 14:32:14
873,target@example.com,2024-04-28 14:32:14
874,target@example.com,2024-04-28 14:32:14
875,target@example.com,2024-04-28 14:32:14
876,target@example.com,2024-04-28 14:32:14
877,target@example.com,2024-04-28 14:32:14
878,target@example.com,2024-04-28 14:32:14
879,target@example.com,2024-04-28 14:32:14
880,target@example.com,2024-04-28 14:32:14
881,target@example.com,2024-04-28 14:32:14
882,target@example.com,2024-04-28 14:32:14
883,target@example.com,2024-04-28 14:32:14
884,target@example.com,2024-04-28 14:32:14
885,target@example.com,2024-04-28 14:32:14
886,target@example.com,2024-04-28 14:32:14
887,target@example.com,2024-04-28 14:32:14
888,target@example.com,2024-04-28 14:32:14
889,target@example.com,2024-04-28 14:32:14
890,target@example.com,2024-04-28 14:32:14
891,target@example.com,2024-04-28 14:32:14
892,target@example.com,2024-04-28 14:32:14
893,target@example.com,2024-04-28 14:32:14
894,target@example.com,2024-04-28 14:32:14
895,target@example.com,2024-04-28 14:32:14
896,target@example.com,2024-04-28 14:32:14
897,target@example.com,2024-04-28 14:32:14
898,target@example.com,2024-04-28 14:32:14
899,target@example.com,2024-04-28 14:32:14
900,target@example.com,2024-04-28 14:32:14
901,target@example.com,2024-04-28 14:37:41
902,target@example.com,2024-04-28 14:37:41
903,target@example.com,2024-04-28 14:37:41
904,target@example.com,2024-04-28 14:37:41
905,target@example.com,2024-04-28 14:37:41
906,target@example.com,2024-04-28 14:37:41
907,target@example.com,2024-04-28 14:37:41
908,target@example.com,2024-04-28 14:37:41
909,target@example.com,2024-04-28 14:37:41
910,target@example.com,2024-04-28 14:37:41
911,target@example.com,2024-04-28 14:37:41
912,target@example.com,2024-04-28 14:37:41
913,target@example.com,2024-04-28 14:37:41
914,target@example.com,2024-04-28 14:37:41
915,target@example.com,2024-04-28 14:37:41
916,target@example.com,2024-04-28 14:37:41
917,target@example.com,2024-04-28 14:37:41
918,target@example.com,2024-04-28 14:37:41
919,target@example.com,2024-04-28 14:37:41
920,target@example.com,2024-04-28 14:37:41
921,target@example.com,2024-04-28 14:37:41
922,target@example.com,2024-04-28 14:37:41
923,target@example.com,2024-04-28 14:37:41
924,target@example.com,2024-04-28 14:37:41
925,target@example.com,2024-04-28 14:37:41
926,target@example.com,2024-04-28 14:37:41
927,target@example.com,2024-04-28 14:37:41
928,target@example.com,2024-04-28 14:37:41
929,target@example.com,2024-04-28 14:37:41
930,target@example.com,2024-04-28 14:37:41
931,target@example.com,2024-04-28 14:37:41
932,target@example.com,2024-04-28 14:37:41
933,target@example.com,2024-04-28 14:37:41
934,target@example.com,2024-04-28 14:37:41
935,target@example.com,2024-04-28 14:37:41
936,target@example.com,2024-04-28 14:37:41
937,target@example.com,2024-04-28 14:37:41
938,target@example.com,2024-04-28 14:37:41
939,target@example.com,2024-04-28 14:37:41
940,target@example.com,2024-04-28 14:37:41
941,target@example.com,2024-04-28 14:37:41
942,target@example.com,2024-04-28 14:37:41
943,target@example.com,2024-04-28 14:37:41
944,target@example.com,2024-04-28 14:37:41
945,target@example.com,2024-04-28 14:37:41
946,target@example.com,2024-04-28 14:37:41
947,target@example.com,2024-04-28 14:37:41
948,target@example.com,2024-04-28 14:37:41
949,target@example.com,2024-04-28 14:37:41
950,target@example.com,2024-04-28 14:37:41
951,target@example.com,2024-04-28 14:37:41
952,target@example.com,2024-04-28 14:37:41
953,target@example.com,2024-04-28 14:37:41
954,target@example.com,2024-04-28 14:37:41
955,target@example.com,2024-04-28 14:37:41
956,target@example.com,2024-04-28 14:37:41
957,target@example.com,2024-04-28 14:37:41
958,target@example.com,2024-04-28 14:37:41
959,target@example.com,2024-04-28 14:37:41
960,target@example.com,2024-04-28 14:37:41
961,target@example.com,2024-04-28 14:37:41
962,target@example.com,2024-04-28 14:37:41
963,target@example.com,2024-04-28 14:37:41
964,target@example.com,2024-04-28 14:37:41
965,target@example.com,2024-04-28 14:37:41
966,target@example.com,2024-04-28 14:37:41
967,target@example.com,2024-04-28 14:37:41
968,target@example.com,2024-04-28 14:37:41
969,target@example.com,2024-04-28 14:37:41
970,target@example.com,2024-04-28 14:37:41
971,target@example.com,2024-04-28 14:37:41
972,target@example.com,2024-04-28 14:37:41
973,target@example.com,2024-04-28 14:37:41
974,target@example.com,2024-04-28 14:37:41
975,target@example.com,2024-04-28 14:37:41
976,target@example.com,2024-04-28 14:37:41
977,target@example.com,2024-04-28 14:37:41
978,target@example.com,2024-04-28 14:37:41
979,target@example.com,2024-04-28 14:37:41
980,target@example.com,2024-04-28 14:37:41
981,target@example.com,2024-04-28 14:37:41
982,target@example.com,2024-04-28 14:37:41
983,target@example.com,2024-04-28 14:37:41
984,target@example.com,2024-04-28 14:37:41
985,target@example.com,2024-04-28 14:37:41
986,target@example.com,2024-04-28 14:37:41
987,target@example.com,2024-04-28 14:37:41
988,target@example.com,2024-04-28 14:37:41
989,target@example.com,2024-04-28 14:37:41
990,target@example.com,2024-04-28 14:37:41
991,target@example.com,2024-04-28 14:37:41
992,target@example.com,2024-04-28 14:37:41
993,target@example.com,2024-04-28 14:37:41
994,target@example.com,2024-04-28 14:37:41
995,target@example.com,2024-04-28 14:37:41
996,target@example.com,2024-04-28 14:37:41
997,target@example.com,2024-04-28 14:37:41
998,target@example.com,2024-04-28 14:37:41
999,target@example.com,2024-04-28 14:37:41
1000,target@example.com,2024-04-28 14:37:41
1001,target@example.com,2024-04-28 14:42:57
1002,target@example.com,2024-04-28 14:42:57
1003,target@example.com,2024-04-28 14:42:57
1004,target@example.com,2024-04-28 14:42:57
1005,target@example.com,2024-04-28 14:42:57
1006,target@example.com,2024-04-28 14:42:57
1007,target@example.com,2024-04-28 14:42:57
1008,target@example.com,2024-04-28 14:42:57
1009,target@example.com,2024-04-28 14:42:57
1010,target@example.com,2024-04-28 14:42:57
1011,target@example.com,2024-04-28 14:42:57
1012,target@example.com,2024-04-28 14:42:57
1013,target@example.com,2024-04-28 14:42:57
1014,target@example.com,2024-04-28 14:42:57
1015,target@example.com,2024-04-28 14:42:57
1016,target@example.com,2024-04-28 14:42:57
1017,target@example.com,2024-04-28 14:42:57
1018,target@example.com,2024-04-28 14:42:57
1019,target@example.com,2024-04-28 14:42:57
1020,target@example.com,2024-04-28 14:42:57
1021,target@example.com,2024-04-28 14:42:57
1022,target@example.com,2024-04-28 14:42:57
1023,target@example.com,2024-04-28 14:42:57
1024,target@example.com,2024-04-28 14:42:57
1025,target@example.com,2024-04-28 14:42:57
1026,target@example.com,2024-04-28 14:42:57
1027,target@example.com,2024-04-28 14:42:57
1028,target@example.com,2024-04-28 14:42:57
1029,target@example.com,2024-04-28 14:42:57
1030,target@example.com,2024-04-28 14:42:57
1031,target@example.com,2024-04-28 14:42:57
1032,target@example.com,2024-04-28 14:42:57
1033,target@example.com,2024-04-28 14:42:57
1034,target@example.com,2024-04-28 14:42:57
1035,target@example.com,2024-04-28 14:42:57
1036,target@example.com,2024-04-28 14:42:57
1037,target@example.com,2024-04-28 14:42:57
1038,target@example.com,2024-04-28 14:42:57
1039,target@example.com,2024-04-28 14:42:57
1040,target@example.com,2024-04-28 14:42:57
1041,target@example.com,2024-04-28 14:42:57
1042,target@example.com,2024-04-28 14:42:57
1043,target@example.com,2024-04-28 14:42:57
1044,target@example.com,2024-04-28 14:42:57
1045,target@example.com,2024-04-28 14:42:57
1046,target@example.com,2024-04-28 14:42:57
1047,target@example.com,2024-04-28 14:42:57
1048,target@example.com,2024-04-28 14:42:57
1049,target@example.com,2024-04-28 14:42:57
1050,target@example.com,2024-04-28 14:42:57
1051,target@example.com,2024-04-28 14:42:57
1052,target@example.com,2024-04-28 14:42:57
1053,target@example.com,2024-04-28 14:42:57
1054,target@example.com,2024-04-28 14:42:57
1055,target@example.com,2024-04-28 14:42:57
1056,target@example.com,2024-04-28 14:42:57
1057,target@example.com,2024-04-28 14:42:57
1058,target@example.com,2024-04-28 14:42:57
1059,target@example.com,2024-04-28 14:42:57
1060,target@example.com,2024-04-28 14:42:57
1061,target@example.com,2024-04-28 14:42:57
1062,target@example.com,2024-04-28 14:42:57
1063,target@example.com,2024-04-28 14:42:57
1064,target@example.com,2024-04-28 14:42:57
1065,target@example.com,2024-04-28 14:42:57
1066,target@example.com,2024-04-28 14:42:57
1067,target@example.com,2024-04-28 14:42:57
1068,target@example.com,2024-04-28 14:42:57
1069,target@example.com,2024-04-28 14:42:57
1070,target@example.com,2024-04-28 14:42:57
1071,target@example.com,2024-04-28 14:42:57
1072,target@example.com,2024-04-28 14:42:57
1073,target@example.com,2024-04-28 14:42:57
1074,target@example.com,2024-04-28 14:42:57
1075,target@example.com,2024-04-28 14:42:57
1076,target@example.com,2024-04-28 14:42:57
1077,target@example.com,2024-04-28 14:42:57
1078,target@example.com,2024-04-28 14:42:57
1079,target@example.com,2024-04-28 14:42:57
1080,target@example.com,2024-04-28 14:42:57
1081,target@example.com,2024-04-28 14:42:57
1082,target@example.com,2024-04-28 14:42:57
1083,target@example.com,2024-04-28 14:42:57
1084,target@example.com,2024-04-28 14:42:57
1085,target@example.com,2024-04-28 14:42:57
1086,target@example.com,2024-04-28 14:42:57
1087,target@example.com,2024-04-28 14:42:57
1088,target@example.com,2024-04-28 14:42:57
1089,target@example.com,2024-04-28 14:42:57
1090,target@example.com,2024-04-28 14:42:57
1091,target@example.com,2024-04-28 14:42:57
1092,target@example.com,2024-04-28 14:42:57
1093,target@example.com,2024-04-28 14:42:57
1094,target@example.com,2024-04-28 14:42:57
1095,target@example.com,2024-04-28 14:42:57
1096,target@example.com,2024-04-28 14:42:57
1097,target@example.com,2024-04-28 14:42:57
1098,target@example.com,2024-04-28 14:42:57
1099,target@example.com,2024-04-28 14:42:57
1100,target@example.com,2024-04-28 14:42:57
1101,target@example.com,2024-04-28 14:47:53
1102,target@example.com,2024-04-28 14:47:53
1103,target@example.com,2024-04-28 14:47:53
1104,target@example.com,2024-04-28 14:47:53
1105,target@example.com,2024-04-28 14:47:53
1106,target@example.com,2024-04-28 14:47:53
1107,target@example.com,2024-04-28 14:47:53
1108,target@example.com,2024-04-28 14:47:53
1109,target@example.com,2024-04-28 14:47:53
1110,target@example.com,2024-04-28 14:47:53
1111,target@example.com,2024-04-28 14:47:53
1112,target@example.com,2024-04-28 14:47:53
1113,target@example.com,2024-04-28 14:47:53
1114,target@example.com,2024-04-28 14:47:53
1115,target@example.com,2024-04-28 14:47:53
1116,target@example.com,2024-04-28 14:47:53
1117,target@example.com,2024-04-28 14:47:53
1118,target@example.com,2024-04-28 14:47:53
1119,target@example.com,2024-04-28 14:47:53
1120,target@example.com,2024-04-28 14:47:53
1121,target@example.com,2024-04-28 14:47:53
1122,target@example.com,2024-04-28 14:47:53
1123,target@example.com,2024-04-28 14:47:53
1124,target@example.com,2024-04-28 14:47:53
1125,target@example.com,2024-04-28 14:47:53
1126,target@example.com,2024-04-28 14:47:53
1127,target@example.com,2024-04-28 14:47:53
1128,target@example.com,2024-04-28 14:47:53
1129,target@example.com,2024-04-28 14:47:53
1130,target@example.com,2024-04-28 14:47:53
1131,target@example.com,2024-04-28 14:47:53
1132,target@example.com,2024-04-28 14:47:53
1133,target@example.com,2024-04-28 14:47:53
1134,target@example.com,2024-04-28 14:47:53
1135,target@example.com,2024-04-28 14:47:53
1136,target@example.com,2024-04-28 14:47:53
1137,target@example.com,2024-04-28 14:47:53
1138,target@example.com,2024-04-28 14:47:53
1139,target@example.com,2024-04-28 14:47:53
1140,target@example.com,2024-04-28 14:47:53
1141,target@example.com,2024-04-28 14:47:53
1142,target@example.com,2024-04-28 14:47:53
1143,target@example.com,2024-04-28 14:47:53
1144,target@example.com,2024-04-28 14:47:53
1145,target@example.com,2024-04-28 14:47:53
1146,target@example.com,2024-04-28 14:47:53
1147,target@example.com,2024-04-28 14:47:53
1148,target@example.com,2024-04-28 14:47:53
1149,target@example.com,2024-04-28 14:47:53
1150,target@example.com,2024-04-28 14:47:53
1151,target@example.com,2024-04-28 14:47:53
1152,target@example.com,2024-04-28 14:47:53
1153,target@example.com,2024-04-28 14:47:53
1154,target@example.com,2024-04-28 14:47:53
1155,target@example.com,2024-04-28 14:47:53
1156,target@example.com,2024-04-28 14:47:53
1157,target@example.com,2024-04-28 14:47:53
1158,target@example.com,2024-04-28 14:47:53
1159,target@example.com,2024-04-28 14:47:53
1160,target@example.com,2024-04-28 14:47:53
1161,target@example.com,2024-04-28 14:47:53
1162,target@example.com,2024-04-28 14:47:53
1163,target@example.com,2024-04-28 14:47:53
1164,target@example.com,2024-04-28 14:47:53
1165,target@example.com,2024-04-28 14:47:53
1166,target@example.com,2024-04-28 14:47:53
1167,target@example.com,2024-04-28 14:47:53
1168,target@example.com,2024-04-28 14:47:53
1169,target@example.com,2024-04-28 14:47:53
1170,target@example.com,2024-04-28 14:47:53
1171,target@example.com,2024-04-28 14:47:53
1172,target@example.com,2024-04-28 14:47:53
1173,target@example.com,2024-04-28 14:47:53
1174,target@example.com,2024-04-28 14:47:53
1175,target@example.com,2024-04-28 14:47:53
1176,target@example.com,2024-04-28 14:47:53
1177,target@example.com,2024-04-28 14:47:53
1178,target@example.com,2024-04-28 14:47:53
1179,target@example.com,2024-04-28 14:47:53
1180,target@example.com,2024-04-28 14:47:53
1181,target@example.com,2024-04-28 14:47:53
1182,target@example.com,2024-04-28 14:47:53
1183,target@example.com,2024-04-28 14:47:53
1184,target@example.com,2024-04-28 14:47:53
1185,target@example.com,2024-04-28 14:47:53
1186,target@example.com,2024-04-28 14:47:53
1187,target@example.com,2024-04-28 14:47:53
1188,target@example.com,2024-04-28 14:47:53
1189,target@example.com,2024-04-28 14:47:53
1190,target@example.com,2024-04-28 14:47:53
1191,target@example.com,2024-04-28 14:47:53
1192,target@example.com,2024-04-28 14:47:53
1193,target@example.com,2024-04-28 14:47:53
1194,target@example.com,2024-04-28 14:47:53
1195,target@example.com,2024-04-28 14:47:53
1196,target@example.com,2024-04-28 14:47:53
1197,target@example.com,2024-04-28 14:47:53
1198,target@example.com,2024-04-28 14:47:53
1199,target@example.com,2024-04-28 14:47:53
1200,target@example.com,2024-04-28 14:47:53
1201,target@example.com,2024-04-28 14:52:58
1202,target@example.com,2024-04-28 14:52:58
1203,target@example.com,2024-04-28 14:52:58
1204,target@example.com,2024-04-28 14:52:58
1205,target@example.com,2024-04-28 14:52:58
1206,target@example.com,2024-04-28 14:52:58
1207,target@example.com,2024-04-28 14:52:58
1208,target@example.com,2024-04-28 14:52:58
1209,target@example.com,2024-04-28 14:52:58
1210,target@example.com,2024-04-28 14:52:58
1211,target@example.com,2024-04-28 14:52:58
1212,target@example.com,2024-04-28 14:52:58
1213,target@example.com,2024-04-28 14:52:58
1214,target@example.com,2024-04-28 14:52:58
1215,target@example.com,2024-04-28 14:52:58
1216,target@example.com,2024-04-28 14:52:58
1217,target@example.com,2024-04-28 14:52:58
1218,target@example.com,2024-04-28 14:52:58
1219,target@example.com,2024-04-28 14:52:58
1220,target@example.com,2024-04-28 14:52:58
1221,target@example.com,2024-04-28 14:52:58
1222,target@example.com,2024-04-28 14:52:58
1223,target@example.com,2024-04-28 14:52:58
1224,target@example.com,2024-04-28 14:52:58
1225,target@example.com,2024-04-28 14:52:58
1226,target@example.com,2024-04-28 14:52:58
1227,target@example.com,2024-04-28 14:52:58
1228,target@example.com,2024-04-28 14:52:58
1229,target@example.com,2024-04-28 14:52:58
1230,target@example.com,2024-04-28 14:52:58
1231,target@example.com,2024-04-28 14:52:58
1232,target@example.com,2024-04-28 14:52:58
1233,target@example.com,2024-04-28 14:52:58
1234,target@example.com,2024-04-28 14:52:58
1235,target@example.com,2024-04-28 14:52:58
1236,target@example.com,2024-04-28 14:52:58
1237,target@example.com,2024-04-28 14:52:58
1238,target@example.com,2024-04-28 14:52:58
1239,target@example.com,2024-04-28 14:52:58
1240,target@example.com,2024-04-28 14:52:58
1241,target@example.com,2024-04-28 14:52:58
1242,target@example.com,2024-04-28 14:52:58
1243,target@example.com,2024-04-28 14:52:58
1244,target@example.com,2024-04-28 14:52:58
1245,target@example.com,2024-04-28 14:52:58
1246,target@example.com,2024-04-28 14:52:58
1247,target@example.com,2024-04-28 14:52:58
1248,target@example.com,2024-04-28 14:52:58
1249,target@example.com,2024-04-28 14:52:58
1250,target@example.com,2024-04-28 14:52:58
1251,target@example.com,2024-04-28 14:52:58
1252,target@example.com,2024-04-28 14:52:58
1253,target@example.com,2024-04-28 14:52:58
1254,target@example.com,2024-04-28 14:52:58
1255,target@example.com,2024-04-28 14:52:58
1256,target@example.com,2024-04-28 14:52:58
1257,target@example.com,2024-04-28 14:52:58
1258,target@example.com,2024-04-28 14:52:58
1259,target@example.com,2024-04-28 14:52:58
1260,target@example.com,2024-04-28 14:52:58
1261,target@example.com,2024-04-28 14:52:58
1262,target@example.com,2024-04-28 14:52:58
1263,target@example.com,2024-04-28 14:52:58
1264,target@example.com,2024-04-28 14:52:58
1265,target@example.com,2024-04-28 14:52:58
1266,target@example.com,2024-04-28 14:52:58
1267,target@example.com,2024-04-28 14:52:58
1268,target@example.com,2024-04-28 14:52:58
1269,target@example.com,2024-04-28 14:52:58
1270,target@example.com,2024-04-28 14:52:58
1271,target@example.com,2024-04-28 14:52:58
1272,target@example.com,2024-04-28 14:52:58
1273,target@example.com,2024-04-28 14:52:58
1274,target@example.com,2024-04-28 14:52:58
1275,target@example.com,2024-04-28 14:52:58
1276,target@example.com,2024-04-28 14:52:58
1277,target@example.com,2024-04-28 14:52:58
1278,target@example.com,2024-04-28 14:52:58
1279,target@example.com,2024-04-28 14:52:58
1280,target@example.com,2024-04-28 14:52:58
1281,target@example.com,2024-04-28 14:52:58
1282,target@example.com,2024-04-28 14:52:58
1283,target@example.com,2024-04-28 14:52:58
1284,target@example.com,2024-04-28 14:52:58
1285,target@example.com,2024-04-28 14:52:58
1286,target@example.com,2024-04-28 14:52:58
1287,target@example.com,2024-04-28 14:52:58
1288,target@example.com,2024-04-28 14:52:58
1289,target@example.com,2024-04-28 14:52:58
1290,target@example.com,2024-04-28 14:52:58
1291,target@example.com,2024-04-28 14:52:58
1292,target@example.com,2024-04-28 14:52:58
1293,target@example.com,2024-04-28 14:52:58
1294,target@example.com,2024-04-28 14:52:58
1295,target@example.com,2024-04-28 14:52:58
1296,target@example.com,2024-04-28 14:52:58
1297,target@example.com,2024-04-28 14:52:58
1298,target@example.com,2024-04-28 14:52:58
1299,target@example.com,2024-04-28 14:52:58
1300,target@example.com,2024-04-28 14:52:58
1301,target@example.com,2024-04-28 14:57:55
1302,target@example.com,2024-04-28 14:57:55
1303,target@example.com,2024-04-28 14:57:55
1304,target@example.com,2024-04-28 14:57:55
1305,target@example.com,2024-04-28 14:57:55
1306,target@example.com,2024-04-28 14:57:55
1307,target@example.com,2024-04-28 14:57:55
1308,target@example.com,2024-04-28 14:57:55
1309,target@example.com,2024-04-28 14:57:55
1310,target@example.com,2024-04-28 14:57:55
1311,target@example.com,2024-04-28 14:57:55
1312,target@example.com,2024-04-28 14:57:55
1313,target@example.com,2024-04-28 14:57:55
1314,target@example.com,2024-04-28 14:57:55
1315,target@example.com,2024-04-28 14:57:55
1316,target@example.com,2024-04-28 14:57:55
1317,target@example.com,2024-04-28 14:57:55
1318,target@example.com,2024-04-28 14:57:55
1319,target@example.com,2024-04-28 14:57:55
1320,target@example.com,2024-04-28 14:57:55
1321,target@example.com,2024-04-28 14:57:55
1322,target@example.com,2024-04-28 14:57:55
1323,target@example.com,2024-04-28 14:57:55
1324,target@example.com,2024-04-28 14:57:55
1325,target@example.com,2024-04-28 14:57:55
1326,target@example.com,2024-04-28 14:57:55
1327,target@example.com,2024-04-28 14:57:55
1328,target@example.com,2024-04-28 14:57:55
1329,target@example.com,2024-04-28 14:57:55
1330,target@example.com,2024-04-28 14:57:55
1331,target@example.com,2024-04-28 14:57:55
1332,target@example.com,2024-04-28 14:57:55
1333,target@example.com,2024-04-28 14:57:55
1334,target@example.com,2024-04-28 14:57:55
1335,target@example.com,2024-04-28 14:57:55
1336,target@example.com,2024-04-28 14:57:55
1337,target@example.com,2024-04-28 14:57:55
1338,target@example.com,2024-04-28 14:57:55
1339,target@example.com,2024-04-28 14:57:55
1340,target@example.com,2024-04-28 14:57:55
1341,target@example.com,2024-04-28 14:57:55
1342,target@example.com,2024-04-28 14:57:55
1343,target@example.com,2024-04-28 14:57:55
1344,target@example.com,2024-04-28 14:57:55
1345,target@example.com,2024-04-28 14:57:55
1346,target@example.com,2024-04-28 14:57:55
1347,target@example.com,2024-04-28 14:57:55
1348,target@example.com,2024-04-28 14:57:55
1349,target@example.com,2024-04-28 14:57:55
1350,target@example.com,2024-04-28 14:57:55
1351,target@example.com,2024-04-28 14:57:55
1352,target@example.com,2024-04-28 14:57:55
1353,target@example.com,2024-04-28 14:57:55
1354,target@example.com,2024-04-28 14:57:55
1355,target@example.com,2024-04-28 14:57:55
1356,target@example.com,2024-04-28 14:57:55
1357,target@example.com,2024-04-28 14:57:55
1358,target@example.com,2024-04-28 14:57:55
1359,target@example.com,2024-04-28 14:57:55
1360,target@example.com,2024-04-28 14:57:55
1361,target@example.com,2024-04-28 14:57:55
1362,target@example.com,2024-04-28 14:57:55
1363,target@example.com,2024-04-28 14:57:55
1364,target@example.com,2024-04-28 14:57:55
1365,target@example.com,2024-04-28 14:57:55
1366,target@example.com,2024-04-28 14:57:55
1367,target@example.com,2024-04-28 14:57:55
1368,target@example.com,2024-04-28 14:57:55
1369,target@example.com,2024-04-28 14:57:55
1370,target@example.com,2024-04-28 14:57:55
1371,target@example.com,2024-04-28 14:57:55
1372,target@example.com,2024-04-28 14:57:55
1373,target@example.com,2024-04-28 14:57:55
1374,target@example.com,2024-04-28 14:57:55
1375,target@example.com,2024-04-28 14:57:55
1376,target@example.com,2024-04-28 14:57:55
1377,target@example.com,2024-04-28 14:57:55
1378,target@example.com,2024-04-28 14:57:55
1379,target@example.com,2024-04-28 14:57:55
1380,target@example.com,2024-04-28 14:57:55
1381,target@example.com,2024-04-28 14:57:55
1382,target@example.com,2024-04-28 14:57:55
1383,target@example.com,2024-04-28 14:57:55
1384,target@example.com,2024-04-28 14:57:55
1385,target@example.com,2024-04-28 14:57:55
1386,target@example.com,2024-04-28 14:57:55
1387,target@example.com,2024-04-28 14:57:55
1388,target@example.com,2024-04-28 14:57:55
1389,target@example.com,2024-04-28 14:57:55
1390,target@example.com,2024-04-28 14:57:55
1391,target@example.com,2024-04-28 14:57:55
1392,target@example.com,2024-04-28 14:57:55
1393,target@example.com,2024-04-28 14:57:55
1394,target@example.com,2024-04-28 14:57:55
1395,target@example.com,2024-04-28 14:57:55
1396,target@example.com,2024-04-28 14:57:55
1397,target@example.com,2024-04-28 14:57:55
1398,target@example.com,2024-04-28 14:57:55
1399,target@example.com,2024-04-28 14:57:55
1400,target@example.com,2024-04-28 14:57:55
1401,target@example.com,2024-04-28 15:02:57
1402,target@example.com,2024-04-28 15:02:57
1403,target@example.com,2024-04-28 15:02:57
1404,target@example.com,2024-04-28 15:02:57
1405,target@example.com,2024-04-28 15:02:57
1406,target@example.com,2024-04-28 15:02:57
1407,target@example.com,2024-04-28 15:02:57
1408,target@example.com,2024-04-28 15:02:57
1409,target@example.com,2024-04-28 15:02:57
1410,target@example.com,2024-04-28 15:02:57
1411,target@example.com,2024-04-28 15:02:57
1412,target@example.com,2024-04-28 15:02:57
1413,target@example.com,2024-04-28 15:02:57
1414,target@example.com,2024-04-28 15:02:57
1415,target@example.com,2024-04-28 15:02:57
1416,target@example.com,2024-04-28 15:02:57
1417,target@example.com,2024-04-28 15:02:57
1418,target@example.com,2024-04-28 15:02:57
1419,target@example.com,2024-04-28 15:02:57
1420,target@example.com,2024-04-28 15:02:57
1421,target@example.com,2024-04-28 15:02:57
1422,target@example.com,2024-04-28 15:02:57
1423,target@example.com,2024-04-28 15:02:57
1424,target@example.com,2024-04-28 15:02:57
1425,target@example.com,2024-04-28 15:02:57
1426,target@example.com,2024-04-28 15:02:57
1427,target@example.com,2024-04-28 15:02:57
1428,target@example.com,2024-04-28 15:02:57
1429,target@example.com,2024-04-28 15:02:57
1430,target@example.com,2024-04-28 15:02:57
1431,target@example.com,2024-04-28 15:02:57
1432,target@example.com,2024-04-28 15:02:57
1433,target@example.com,2024-04-28 15:02:57
1434,target@example.com,2024-04-28 15:02:57
1435,target@example.com,2024-04-28 15:02:57
1436,target@example.com,2024-04-28 15:02:57
1437,target@example.com,2024-04-28 15:02:57
1438,target@example.com,2024-04-28 15:02:57
1439,target@example.com,2024-04-28 15:02:57
1440,target@example.com,2024-04-28 15:02:57
1441,target@example.com,2024-04-28 15:02:57
1442,target@example.com,2024-04-28 15:02:57
1443,target@example.com,2024-04-28 15:02:57
1444,target@example.com,2024-04-28 15:02:57
1445,target@example.com,2024-04-28 15:02:57
1446,target@example.com,2024-04-28 15:02:57
1447,target@example.com,2024-04-28 15:02:57
1448,target@example.com,2024-04-28 15:02:57
1449,target@example.com,2024-04-28 15:02:57
1450,target@example.com,2024-04-28 15:02:57
1451,target@example.com,2024-04-28 15:02:57
1452,target@example.com,2024-04-28 15:02:57
1453,target@example.com,2024-04-28 15:02:57
1454,target@example.com,2024-04-28 15:02:57
1455,target@example.com,2024-04-28 15:02:57
1456,target@example.com,2024-04-28 15:02:57
1457,target@example.com,2024-04-28 15:02:57
1458,target@example.com,2024-04-28 15:02:57
1459,target@example.com,2024-04-28 15:02:57
1460,target@example.com,2024-04-28 15:02:57
1461,target@example.com,2024-04-28 15:02:57
1462,target@example.com,2024-04-28 15:02:57
1463,target@example.com,2024-04-28 15:02:57
1464,target@example.com,2024-04-28 15:02:57
1465,target@example.com,2024-04-28 15:02:57
1466,target@example.com,2024-04-28 15:02:57
1467,target@example.com,2024-04-28 15:02:57
1468,target@example.com,2024-04-28 15:02:57
1469,target@example.com,2024-04-28 15:02:57
1470,target@example.com,2024-04-28 15:02:57
1471,target@example.com,2024-04-28 15:02:57
1472,target@example.com,2024-04-28 15:02:57
1473,target@example.com,2024-04-28 15:02:57
1474,target@example.com,2024-04-28 15:02:57
1475,target@example.com,2024-04-28 15:02:57
1476,target@example.com,2024-04-28 15:02:57
1477,target@example.com,2024-04-28 15:02:57
1478,target@example.com,2024-04-28 15:02:57
1479,target@example.com,2024-04-28 15:02:57
1480,target@example.com,2024-04-28 15:02:57
1481,target@example.com,2024-04-28 15:02:57
1482,target@example.com,2024-04-28 15:02:57
1483,target@example.com,2024-04-28 15:02:57
1484,target@example.com,2024-04-28 15:02:57
1485,target@example.com,2024-04-28 15:02:57
1486,target@example.com,2024-04-28 15:02:57
1487,target@example.com,2024-04-28 15:02:57
1488,target@example.com,2024-04-28 15:02:57
1489,target@example.com,2024-04-28 15:02:57
1490,target@example.com,2024-04-28 15:02:57
1491,target@example.com,2024-04-28 15:02:57
1492,target@example.com,2024-04-28 15:02:57
1493,target@example.com,2024-04-28 15:02:57
1494,target@example.com,2024-04-28 15:02:57
1495,target@example.com,2024-04-28 15:02:57
1496,target@example.com,2024-04-28 15:02:57
1497,target@example.com,2024-04-28 15:02:57
1498,target@example.com,2024-04-28 15:02:57
1499,target@example.com,2024-04-28 15:02:57
1500,target@example.com,2024-04-28 15:02:57
1501,target@example.com,2024-04-28 15:07:57
1502,target@example.com,2024-04-28 15:07:57
1503,target@example.com,2024-04-28 15:07:57
1504,target@example.com,2024-04-28 15:07:57
1505,target@example.com,2024-04-28 15:07:57
1506,target@example.com,2024-04-28 15:07:57
1507,target@example.com,2024-04-28 15:07:57
1508,target@example.com,2024-04-28 15:07:57
1509,target@example.com,2024-04-28 15:07:57
1510,target@example.com,2024-04-28 15:07:57
1511,target@example.com,2024-04-28 15:07:57
1512,target@example.com,2024-04-28 15:07:57
1513,target@example.com,2024-04-28 15:07:57
1514,target@example.com,2024-04-28 15:07:57
1515,target@example.com,2024-04-28 15:07:57
1516,target@example.com,2024-04-28 15:07:57
1517,target@example.com,2024-04-28 15:07:57
1518,target@example.com,2024-04-28 15:07:57
1519,target@example.com,2024-04-28 15:07:57
1520,target@example.com,2024-04-28 15:07:57
1521,target@example.com,2024-04-28 15:07:57
1522,target@example.com,2024-04-28 15:07:57
1523,target@example.com,2024-04-28 15:07:57
1524,target@example.com,2024-04-28 15:07:57
1525,target@example.com,2024-04-28 15:07:57
1526,target@example.com,2024-04-28 15:07:57
1527,target@example.com,2024-04-28 15:07:57
1528,target@example.com,2024-04-28 15:07:57
1529,target@example.com,2024-04-28 15:07:57
1530,target@example.com,2024-04-28 15:07:57
1531,target@example.com,2024-04-28 15:07:57
1532,target@example.com,2024-04-28 15:07:57
1533,target@example.com,2024-04-28 15:07:57
1534,target@example.com,2024-04-28 15:07:57
1535,target@example.com,2024-04-28 15:07:57
1536,target@example.com,2024-04-28 15:07:57
1537,target@example.com,2024-04-28 15:07:57
1538,target@example.com,2024-04-28 15:07:57
1539,target@example.com,2024-04-28 15:07:57
1540,target@example.com,2024-04-28 15:07:57
1541,target@example.com,2024-04-28 15:07:57
1542,target@example.com,2024-04-28 15:07:57
1543,target@example.com,2024-04-28 15:07:57
1544,target@example.com,2024-04-28 15:07:57
1545,target@example.com,2024-04-28 15:07:57
1546,target@example.com,2024-04-28 15:07:57
1547,target@example.com,2024-04-28 15:07:57
1548,target@example.com,2024-04-28 15:07:57
1549,target@example.com,2024-04-28 15:07:57
1550,target@example.com,2024-04-28 15:07:57
1551,target@example.com,2024-04-28 15:07:57
1552,target@example.com,2024-04-28 15:07:57
1553,target@example.com,2024-04-28 15:07:57
1554,target@example.com,2024-04-28 15:07:57
1555,target@example.com,2024-04-28 15:07:57
1556,target@example.com,2024-04-28 15:07:57
1557,target@example.com,2024-04-28 15:07:57
1558,target@example.com,2024-04-28 15:07:57
1559,target@example.com,2024-04-28 15:07:57
1560,target@example.com,2024-04-28 15:07:57
1561,target@example.com,2024-04-28 15:07:57
1562,target@example.com,2024-04-28 15:07:57
1563,target@example.com,2024-04-28 15:07:57
1564,target@example.com,2024-04-28 15:07:57
1565,target@example.com,2024-04-28 15:07:57
1566,target@example.com,2024-04-28 15:07:57
1567,target@example.com,2024-04-28 15:07:57
1568,target@example.com,2024-04-28 15:07:57
1569,target@example.com,2024-04-28 15:07:57
1570,target@example.com,2024-04-28 15:07:57
1571,target@example.com,2024-04-28 15:07:57
1572,target@example.com,2024-04-28 15:07:57
1573,target@example.com,2024-04-28 15:07:57
1574,target@example.com,2024-04-28 15:07:57
1575,target@example.com,2024-04-28 15:07:57
1576,target@example.com,2024-04-28 15:07:57
1577,target@example.com,2024-04-28 15:07:57
1578,target@example.com,2024-04-28 15:07:57
1579,target@example.com,2024-04-28 15:07:57
1580,target@example.com,2024-04-28 15:07:57
1581,target@example.com,2024-04-28 15:07:57
1582,target@example.com,2024-04-28 15:07:57
1583,target@example.com,2024-04-28 15:07:57
1584,target@example.com,2024-04-28 15:07:57
1585,target@example.com,2024-04-28 15:07:57
1586,target@example.com,2024-04-28 15:07:57
1587,target@example.com,2024-04-28 15:07:57
1588,target@example.com,2024-04-28 15:07:57
1589,target@example.com,2024-04-28 15:07:57
1590,target@example.com,2024-04-28 15:07:57
1591,target@example.com,2024-04-28 15:07:57
1592,target@example.com,2024-04-28 15:07:57
1593,target@example.com,2024-04-28 15:07:57
1594,target@example.com,2024-04-28 15:07:57
1595,target@example.com,2024-04-28 15:07:57
1596,target@example.com,2024-04-28 15:07:57
1597,target@example.com,2024-04-28 15:07:57
1598,target@example.com,2024-04-28 15:07:57
1599,target@example.com,2024-04-28 15:07:57
1600,target@example.com,2024-04-28 15:07:57
1601,target@example.com,2024-04-28 15:13:14
1602,target@example.com,2024-04-28 15:13:14
1603,target@example.com,2024-04-28 15:13:14
1604,target@example.com,2024-04-28 15:13:14
1605,target@example.com,2024-04-28 15:13:14
1606,target@example.com,2024-04-28 15:13:14
1607,target@example.com,2024-04-28 15:13:14
1608,target@example.com,2024-04-28 15:13:14
1609,target@example.com,2024-04-28 15:13:14
1610,target@example.com,2024-04-28 15:13:14
1611,target@example.com,2024-04-28 15:13:14
1612,target@example.com,2024-04-28 15:13:14
1613,target@example.com,2024-04-28 15:13:14
1614,target@example.com,2024-04-28 15:13:14
1615,target@example.com,2024-04-28 15:13:14
1616,target@example.com,2024-04-28 15:13:14
1617,target@example.com,2024-04-28 15:13:14
1618,target@example.com,2024-04-28 15:13:14
1619,target@example.com,2024-04-28 15:13:14
1620,target@example.com,2024-04-28 15:13:14
1621,target@example.com,2024-04-28 15:13:14
1622,target@example.com,2024-04-28 15:13:14
1623,target@example.com,2024-04-28 15:13:14
1624,target@example.com,2024-04-28 15:13:14
1625,target@example.com,2024-04-28 15:13:14
1626,target@example.com,2024-04-28 15:13:14
1627,target@example.com,2024-04-28 15:13:14
1628,target@example.com,2024-04-28 15:13:14
1629,target@example.com,2024-04-28 15:13:14
1630,target@example.com,2024-04-28 15:13:14
1631,target@example.com,2024-04-28 15:13:14
1632,target@example.com,2024-04-28 15:13:14
1633,target@example.com,2024-04-28 15:13:14
1634,target@example.com,2024-04-28 15:13:14
1635,target@example.com,2024-04-28 15:13:14
1636,target@example.com,2024-04-28 15:13:14
1637,target@example.com,2024-04-28 15:13:14
1638,target@example.com,2024-04-28 15:13:14
1639,target@example.com,2024-04-28 15:13:14
1640,target@example.com,2024-04-28 15:13:14
1641,target@example.com,2024-04-28 15:13:14
1642,target@example.com,2024-04-28 15:13:14
1643,target@example.com,2024-04-28 15:13:14
1644,target@example.com,2024-04-28 15:13:14
1645,target@example.com,2024-04-28 15:13:14
1646,target@example.com,2024-04-28 15:13:14
1647,target@example.com,2024-04-28 15:13:14
1648,target@example.com,2024-04-28 15:13:14
1649,target@example.com,2024-04-28 15:13:14
1650,target@example.com,2024-04-28 15:13:14
1651,target@example.com,2024-04-28 15:13:14
1652,target@example.com,2024-04-28 15:13:14
1653,target@example.com,2024-04-28 15:13:14
1654,target@example.com,2024-04-28 15:13:14
1655,target@example.com,2024-04-28 15:13:14
1656,target@example.com,2024-04-28 15:13:14
1657,target@example.com,2024-04-28 15:13:14
1658,target@example.com,2024-04-28 15:13:14
1659,target@example.com,2024-04-28 15:13:14
1660,target@example.com,2024-04-28 15:13:14
1661,target@example.com,2024-04-28 15:13:14
1662,target@example.com,2024-04-28 15:13:14
1663,target@example.com,2024-04-28 15:13:14
1664,target@example.com,2024-04-28 15:13:14
1665,target@example.com,2024-04-28 15:13:14
1666,target@example.com,2024-04-28 15:13:14
1667,target@example.com,2024-04-28 15:13:14
1668,target@example.com,2024-04-28 15:13:14
1669,target@example.com,2024-04-28 15:13:14
1670,target@example.com,2024-04-28 15:13:14
1671,target@example.com,2024-04-28 15:13:14
1672,target@example.com,2024-04-28 15:13:14
1673,target@example.com,2024-04-28 15:13:14
1674,target@example.com,2024-04-28 15:13:14
1675,target@example.com,2024-04-28 15:13:14
1676,target@example.com,2024-04-28 15:13:14
1677,target@example.com,2024-04-28 15:13:14
1678,target@example.com,2024-04-28 15:13:14
1679,target@example.com,2024-04-28 15:13:14
1680,target@example.com,2024-04-28 15:13:14
1681,target@example.com,2024-04-28 15:13:14
1682,target@example.com,2024-04-28 15:13:14
1683,target@example.com,2024-04-28 15:13:14
1684,target@example.com,2024-04-28 15:13:14
1685,target@example.com,2024-04-28 15:13:14
1686,target@example.com,2024-04-28 15:13:14
1687,target@example.com,2024-04-28 15:13:14
1688,target@example.com,2024-04-28 15:13:14
1689,target@example.com,2024-04-28 15:13:14
1690,target@example.com,2024-04-28 15:13:14
1691,target@example.com,2024-04-28 15:13:14
1692,target@example.com,2024-04-28 15:13:14
1693,target@example.com,2024-04-28 15:13:14
1694,target@example.com,2024-04-28 15:13:14
1695,target@example.com,2024-04-28 15:13:14
1696,target@example.com,2024-04-28 15:13:14
1697,target@example.com,2024-04-28 15:13:14
1698,target@example.com,2024-04-28 15:13:14
1699,target@example.com,2024-04-28 15:13:14
1700,target@example.com,2024-04-28 15:13:14
